[
  {
    "id": 8,
    "repo_name": "luk-/npm",
    "fix_commit_hash": "5829ecf032b392d2133bd351f53d3c644961396b",
    "bug_commit_hash": [
      "2f7fd625a0f2eaf59789ab13bd15bba907ae166d"
    ],
    "earliest_issue_date": "2011-11-17T08:49:06",
    "issue_urls": [
      "https://github.com/npm/npm/issues/1727"
    ],
    "language": [
      "js",
      "md",
      "json"
    ]
  },
  {
    "id": 25,
    "repo_name": "jfrazelle/tor",
    "fix_commit_hash": "f2153f9716876b87bfcc53ff13b86b878edaae86",
    "bug_commit_hash": [
      "23b088907fd23da417f5caf2b7b5f664f317ef4a"
    ],
    "earliest_issue_date": "2016-03-10T13:03:20",
    "issue_urls": [
      "https://trac.torproject.org/projects/tor/ticket/18517"
    ],
    "language": [
      "",
      "txt",
      "c",
      "h"
    ]
  },
  {
    "id": 54,
    "repo_name": "jwang36/edk2",
    "fix_commit_hash": "9bf86b12ce04fcb7d997eb1fc8c55fd43d18ab79",
    "bug_commit_hash": [
      "bf9e636605188e291d33ab694ff1c5926b6f0800"
    ],
    "earliest_issue_date": "2018-12-09T13:34:00",
    "issue_urls": [
      "https://bugzilla.tianocore.org/show_bug.cgi?id=1387"
    ],
    "language": [
      "py"
    ]
  },
  {
    "id": 57,
    "repo_name": "jwang36/edk2",
    "fix_commit_hash": "48e890457b06263c1faf04de67652816402f8e06",
    "bug_commit_hash": [
      "72a1d77694d51914c0dd6aa97dbfa58634b0a4a5"
    ],
    "earliest_issue_date": "2018-12-09T13:31:00",
    "issue_urls": [
      "https://bugzilla.tianocore.org/show_bug.cgi?id=1386"
    ],
    "language": [
      "py"
    ]
  },
  {
    "id": 64,
    "repo_name": "tianocore/edk2",
    "fix_commit_hash": "abc4c3386a50cb97c30ec108f0cb85aef769c267",
    "bug_commit_hash": [
      "b3497bad1221704a5dbc5da0b10f42625f1ad2ed"
    ],
    "earliest_issue_date": "2018-12-20T09:52:00",
    "issue_urls": [
      "https://bugzilla.tianocore.org/show_bug.cgi?id=1418"
    ],
    "language": [
      "py"
    ]
  },
  {
    "id": 77,
    "repo_name": "kees/linux",
    "fix_commit_hash": "b5aac1368e4ffbbbb6dcad64a9115823f9a40c48",
    "bug_commit_hash": [
      "3edad321b1bd2e6c8b5f38146c115c8982438f06"
    ],
    "earliest_issue_date": "2014-06-24T17:39:30",
    "issue_urls": [
      "https://bugs.launchpad.net/ubuntu/+source/linux/+bug/1333838"
    ],
    "language": [
      "c"
    ]
  },
  {
    "id": 93,
    "repo_name": "magnumripper/JohnTheRipper",
    "fix_commit_hash": "95e56f7d6590742bc61e0db1be7202043f686471",
    "bug_commit_hash": [
      "292b35c90fee0b315f682b140bd360552a5bc381"
    ],
    "earliest_issue_date": "2014-10-07T03:41:55",
    "issue_urls": [
      "https://github.com/magnumripper/JohnTheRipper/issues/789"
    ],
    "language": [
      "py"
    ]
  },
  {
    "id": 110,
    "repo_name": "danielfalck/FreeCAD",
    "fix_commit_hash": "eb598ffd169657961a9abb9f9e6bc65b8e80dd63",
    "bug_commit_hash": [
      "3523741e96d0b8db338f8f05f13282f90ccbbe67"
    ],
    "earliest_issue_date": "2014-09-10T20:57:00",
    "issue_urls": [
      "https://tracker.freecadweb.org/view.php?id=1740"
    ],
    "language": [
      "cpp"
    ]
  },
  {
    "id": 193,
    "repo_name": "wanadev/PhotonUI",
    "fix_commit_hash": "ccf072479fbc86a8f5f75ff3239b5e92152d671d",
    "bug_commit_hash": [
      "39f60ba34cb55e8762d89b0556dd51da8cccf8a4"
    ],
    "earliest_issue_date": "2016-04-13T13:21:37",
    "issue_urls": [
      "https://github.com/wanadev/PhotonUI/issues/58",
      "https://github.com/wanadev/PhotonUI/issues/21",
      "https://github.com/wanadev/PhotonUI/issues/21https://github.com/wanadev/PhotonUI/issues/58"
    ],
    "language": [
      "js"
    ]
  },
  {
    "id": 206,
    "repo_name": "pantsbuild/pex",
    "fix_commit_hash": "4d9afa70a099365b3f5e13570f7d930d37a5847d",
    "bug_commit_hash": [
      "fe895b2e24a1ed0bc9574cdd2cf83164983a9b61"
    ],
    "earliest_issue_date": "2015-04-16T03:48:57",
    "issue_urls": [
      "https://github.com/pantsbuild/pex/issues/82"
    ],
    "language": [
      "py"
    ]
  },
  {
    "id": 210,
    "repo_name": "lguzzon/Ractive",
    "fix_commit_hash": "e9d4df10ff14e95aef284da9dde0f890eca1f555",
    "bug_commit_hash": [
      "4a35078a8b3eb24193312e3eefce5506908fc2b7"
    ],
    "earliest_issue_date": "2013-08-23T18:20:31",
    "issue_urls": [
      "https://github.com/ractivejs/ractive/issues/155"
    ],
    "language": [
      "js"
    ]
  },
  {
    "id": 259,
    "repo_name": "bvanassche/net-snmp",
    "fix_commit_hash": "76ff25d9bf97579e7213102065fd5096f049a4c5",
    "bug_commit_hash": [
      "71d8293f387a6cd66bb0dbb13c0f50174d2e678b"
    ],
    "earliest_issue_date": "2011-10-06T22:38:00",
    "issue_urls": [
      "https://sourceforge.net/p/net-snmp/bugs/2294/"
    ],
    "language": [
      "c"
    ]
  },
  {
    "id": 300,
    "repo_name": "sidben/AtelierCanvas",
    "fix_commit_hash": "c7bf18bad64a001c5a1b8afff73373d041704458",
    "bug_commit_hash": [
      "183dec5e13570bbe9adc4ea03cf975bc4700273b"
    ],
    "earliest_issue_date": "2015-09-23T03:02:51",
    "issue_urls": [
      "https://github.com/sidben/AtelierCanvas/issues/8"
    ],
    "language": [
      "java"
    ]
  },
  {
    "id": 306,
    "repo_name": "sqlitebrowser/sqlitebrowser",
    "fix_commit_hash": "1110b87d95108f3f01430f7e05aec4c9e7ebc628",
    "bug_commit_hash": [
      "012ad9217a9bb71264bb6c5ad3a1da847610effc"
    ],
    "earliest_issue_date": "2018-01-08T19:23:01",
    "issue_urls": [
      "https://github.com/sqlitebrowser/sqlitebrowser/issues/1288"
    ],
    "language": [
      "cpp"
    ]
  },
  {
    "id": 310,
    "repo_name": "mdboom/matplotlib",
    "fix_commit_hash": "b624546ae60dc5878e75a32f41a160d383548b8f",
    "bug_commit_hash": [
      "6938b00255830cb81af2d427b85b7c777d6f5356"
    ],
    "earliest_issue_date": "2011-10-18T14:20:06",
    "issue_urls": [
      "https://sourceforge.net/p/matplotlib/mailman/message/28245744/"
    ],
    "language": [
      "py"
    ]
  },
  {
    "id": 318,
    "repo_name": "fcrepo/trippi",
    "fix_commit_hash": "80281d4513edf654d17f96ac3cdad52e9090d54f",
    "bug_commit_hash": [
      "4ef40ea22b4a6b359de73c4b4d8b5a9fe432a594"
    ],
    "earliest_issue_date": "2011-05-21T03:16:00",
    "issue_urls": [
      "https://jira.duraspace.org/browse/FCREPO-946"
    ],
    "language": [
      "properties",
      "java"
    ]
  },
  {
    "id": 325,
    "repo_name": "DavidAnson/markdownlint-ruby",
    "fix_commit_hash": "903cac37d4bf9106a49b955e974890bf2cf08183",
    "bug_commit_hash": [
      "49eca6370d3d11f34c4ec4d2b6269665e9ecfa9f"
    ],
    "earliest_issue_date": "2015-08-29T20:07:50",
    "issue_urls": [
      "https://github.com/markdownlint/markdownlint/issues/108"
    ],
    "language": [
      "rb",
      ""
    ]
  },
  {
    "id": 353,
    "repo_name": "Sharpie/vagrant-pe_build",
    "fix_commit_hash": "e540b8c594139d6ef2ccfe3d0f38df522908ad9a",
    "bug_commit_hash": [
      "dfedd3fdc4864040babcdc8526df005e0d4320bc"
    ],
    "earliest_issue_date": "2016-07-18T00:29:01",
    "issue_urls": [
      "https://github.com/oscar-stack/vagrant-pe_build/issues/123"
    ],
    "language": [
      "rb"
    ]
  },
  {
    "id": 398,
    "repo_name": "asterisk/asterisk",
    "fix_commit_hash": "d7f4788341f08f386341416aa3944c7f9bc0dc1b",
    "bug_commit_hash": [
      "f8e21a1adf91bfa141771415b19c31236c2f1a17"
    ],
    "earliest_issue_date": "2015-03-26T09:51:00",
    "issue_urls": [
      "https://issues.asterisk.org/jira/browse/ASTERISK-24917"
    ],
    "language": [
      "c"
    ]
  },
  {
    "id": 411,
    "repo_name": "fuel/core",
    "fix_commit_hash": "26fe1bfb34b379842cf965f47dcdbb0fac6725ea",
    "bug_commit_hash": [
      "6b0e64ce93127a375e0ec7bf1a791f31b5e71d20"
    ],
    "earliest_issue_date": "2012-08-28T10:05:24",
    "issue_urls": [
      "https://github.com/fuel/core/issues/1123"
    ],
    "language": [
      "php"
    ]
  },
  {
    "id": 424,
    "repo_name": "anitazha/systemd",
    "fix_commit_hash": "b9ea3d2e47b3741f3f46ba9c5e19640136933b71",
    "bug_commit_hash": [
      "bd08ce56156751d58584a44e766ef61340cdae2d"
    ],
    "earliest_issue_date": "2019-05-01T11:08:28",
    "issue_urls": [
      "https://github.com/systemd/systemd/issues/12452"
    ],
    "language": [
      "c"
    ]
  },
  {
    "id": 477,
    "repo_name": "obspy/obspy",
    "fix_commit_hash": "968ff86ea1f297a32e454962f2ac8b19dcef6769",
    "bug_commit_hash": [
      "6a914e66d02ccd85f68dce2d4956b666459a633b"
    ],
    "earliest_issue_date": "2014-10-27T21:52:14",
    "issue_urls": [
      "https://github.com/obspy/obspy/issues/903"
    ],
    "language": [
      "py"
    ]
  },
  {
    "id": 495,
    "repo_name": "craftcms/cms",
    "fix_commit_hash": "f748280b3a7af914ffff9419955515c9bbc3acf8",
    "bug_commit_hash": [
      "5e11e0766809808b776124645e5c827ba75c125e"
    ],
    "earliest_issue_date": "2017-02-20T00:17:45",
    "issue_urls": [
      "https://github.com/craftcms/cms/issues/1403",
      "https://github.com/craftcms/cms/issues/1426"
    ],
    "language": [
      "md",
      "php"
    ]
  },
  {
    "id": 496,
    "repo_name": "PmagPy/PmagPy",
    "fix_commit_hash": "97183a3e00ab26e7556393d201879d04b45215e3",
    "bug_commit_hash": [
      "7f18001a9f836ce5efeedaaca5ed477c605133a9"
    ],
    "earliest_issue_date": "2018-06-29T16:42:47",
    "issue_urls": [
      "https://github.com/PmagPy/PmagPy/issues/378"
    ],
    "language": [
      "py"
    ]
  },
  {
    "id": 515,
    "repo_name": "openstack/cinder",
    "fix_commit_hash": "0903603971033536751ba40df98a3c39175d3189",
    "bug_commit_hash": [
      "9785963c841aff5ea1c159da81f93c2bf62c70c6"
    ],
    "earliest_issue_date": "2012-09-06T18:45:57",
    "issue_urls": [
      "https://bugs.launchpad.net/cinder/+bug/1046985"
    ],
    "language": [
      "py"
    ]
  },
  {
    "id": 530,
    "repo_name": "clips/pattern",
    "fix_commit_hash": "93235fe6a554a247d97752204bfc3f7ade11a281",
    "bug_commit_hash": [
      "dc855341aadea1ed56413bb2c1d8f611ff714a48"
    ],
    "earliest_issue_date": "2017-06-13T21:01:41",
    "issue_urls": [
      "https://github.com/clips/pattern/issues/182"
    ],
    "language": [
      "py"
    ]
  },
  {
    "id": 531,
    "repo_name": "openstack/nova",
    "fix_commit_hash": "0a09bf5faeb30b675fdb8f517c61166ef794bad3",
    "bug_commit_hash": [
      "66f6a9edce3ccd624aba5d2a6bf3362901ed57f7"
    ],
    "earliest_issue_date": "2012-09-06T18:45:57",
    "issue_urls": [
      "https://bugs.launchpad.net/cinder/+bug/1046985"
    ],
    "language": [
      "py"
    ]
  },
  {
    "id": 546,
    "repo_name": "mozilla/fxa-content-server",
    "fix_commit_hash": "59e38caac1622aa37a11c7f27f88ba48f0b8f461",
    "bug_commit_hash": [
      "11be9bbe396e975c2aa4303e6652fe104e39684f"
    ],
    "earliest_issue_date": "2014-01-13T11:46:34",
    "issue_urls": [
      "https://github.com/mozilla/fxa-content-server/issues/219"
    ],
    "language": [
      "js"
    ]
  },
  {
    "id": 550,
    "repo_name": "UniTime/unitime",
    "fix_commit_hash": "5cfacab3dd59b151a5dc265b7f105c3d59ea7b08",
    "bug_commit_hash": [
      "cef417001282614ea8e50c0f29513fa8b02ad575"
    ],
    "earliest_issue_date": "2017-03-01T13:49:44",
    "issue_urls": [
      "https://github.com/UniTime/unitime/issues/27"
    ],
    "language": [
      "java"
    ]
  },
  {
    "id": 599,
    "repo_name": "rjwysocki/linux-pm",
    "fix_commit_hash": "397c60668aa5ae7130b5ad4e73870d7b8a787085",
    "bug_commit_hash": [
      "c8f2f0db1d0294aaf37e8a85bea9bbc4aaf5c0fe"
    ],
    "earliest_issue_date": "2012-11-05T12:21:00",
    "issue_urls": [
      "https://bugzilla.kernel.org/show_bug.cgi?id=50081"
    ],
    "language": [
      "c"
    ]
  },
  {
    "id": 611,
    "repo_name": "unshiftio/url-parse",
    "fix_commit_hash": "b723b90dcb7576904bd11d99e1dd0d7b397baca6",
    "bug_commit_hash": [
      "9cb3c404f63575fc8cae88bfabae843b885d7d1b"
    ],
    "earliest_issue_date": "2015-10-08T15:27:40",
    "issue_urls": [
      "https://github.com/unshiftio/url-parse/issues/15"
    ],
    "language": [
      "js"
    ]
  },
  {
    "id": 625,
    "repo_name": "crimsonthunder/Crystal_Kernel_OP6T",
    "fix_commit_hash": "44a6607dcceede5879fa3988d80ca40592f45917",
    "bug_commit_hash": [
      "55d7de9de6c30adce8d675c7ce513e283829c2ff"
    ],
    "earliest_issue_date": "2018-07-12T20:38:44",
    "issue_urls": [
      "https://github.com/raspberrypi/linux/issues/2617",
      "https://github.com/raspberrypi/linux/issues/2617"
    ],
    "language": [
      "c"
    ]
  },
  {
    "id": 663,
    "repo_name": "SlimRoms/kernel_htc_flounder",
    "fix_commit_hash": "9f60aeaced0c4dc50b668bbf4d4a9c8472283c71",
    "bug_commit_hash": [
      "c8f2f0db1d0294aaf37e8a85bea9bbc4aaf5c0fe"
    ],
    "earliest_issue_date": "2012-11-05T12:21:00",
    "issue_urls": [
      "https://bugzilla.kernel.org/show_bug.cgi?id=50081"
    ],
    "language": [
      "c"
    ]
  },
  {
    "id": 715,
    "repo_name": "volatilityfoundation/volatility",
    "fix_commit_hash": "0c7e064a6fc44d1b481abfd62708ba0b42d6e5a7",
    "bug_commit_hash": [
      "29ce6cf1a15372c6e7b73a1629ea1f58a531a5b7"
    ],
    "earliest_issue_date": "2015-10-15T11:22:40",
    "issue_urls": [
      "https://github.com/volatilityfoundation/volatility/issues/251"
    ],
    "language": [
      "py"
    ]
  },
  {
    "id": 730,
    "repo_name": "jrmhaig/daemons",
    "fix_commit_hash": "6da4cd09c0919ec8b0307ead3f149aa31c85f4c5",
    "bug_commit_hash": [
      "70f69a71ce1f1e19e254203d6b8bcff5abc3796c"
    ],
    "earliest_issue_date": "2015-02-12T00:33:34",
    "issue_urls": [
      "https://github.com/thuehlinger/daemons/issues/22"
    ],
    "language": [
      "rb"
    ]
  },
  {
    "id": 761,
    "repo_name": "tiborsimko/invenio",
    "fix_commit_hash": "92a3dfd2ec94be7c241b65050c56b17e8eed1a68",
    "bug_commit_hash": [
      "9369361849c6a21fec164fb10abb999ebc3e3748"
    ],
    "earliest_issue_date": "2014-04-30T15:54:37",
    "issue_urls": [
      "https://github.com/inveniosoftware/invenio/issues/1330"
    ],
    "language": [
      "py"
    ]
  },
  {
    "id": 785,
    "repo_name": "driftyco/ionic",
    "fix_commit_hash": "ead5e026b964905cf96a0035c7f2bbaabaa46e5d",
    "bug_commit_hash": [
      "521164db786a0b836b5b8149816f50da55c6a82a"
    ],
    "earliest_issue_date": "2014-06-10T00:36:50",
    "issue_urls": [
      "https://github.com/ionic-team/ionic-framework/issues/1599"
    ],
    "language": [
      "js"
    ]
  },
  {
    "id": 789,
    "repo_name": "torproject/tor",
    "fix_commit_hash": "e0486c937178981585d45b65b359f488ed96c06d",
    "bug_commit_hash": [
      "d67bf8b2f2376096ada2b1ea1c6cd19ddbed9ead"
    ],
    "earliest_issue_date": "2017-03-02T04:25:17",
    "issue_urls": [
      "https://trac.torproject.org/projects/tor/ticket/21596"
    ],
    "language": [
      "",
      "c"
    ]
  },
  {
    "id": 818,
    "repo_name": "systemd/systemd",
    "fix_commit_hash": "d253a45e1c147f5174265d71d7419da7bd52a88b",
    "bug_commit_hash": [
      "ec88d1ea0591beccab97d9096fd3fd7b09bc823c"
    ],
    "earliest_issue_date": "2019-01-08T17:39:19",
    "issue_urls": [
      "https://github.com/systemd/systemd/issues/11362"
    ],
    "language": [
      "c"
    ]
  },
  {
    "id": 841,
    "repo_name": "analogdevicesinc/linux",
    "fix_commit_hash": "9c270ddc81ad9798cc5eb4a45f40950cb2a053b1",
    "bug_commit_hash": [
      "c559afbfb08c7eac215ba417251225d3a8e01062"
    ],
    "earliest_issue_date": "2018-07-05T14:04:21",
    "issue_urls": [
      "https://github.com/analogdevicesinc/linux/issues/143"
    ],
    "language": [
      "c"
    ]
  },
  {
    "id": 855,
    "repo_name": "MythTV/mythtv",
    "fix_commit_hash": "146b49029d82e6ad92ac36ef66fe14d5c4c998e0",
    "bug_commit_hash": [
      "b85f5bba7294faff8cacad4eb59caa72c49be801"
    ],
    "earliest_issue_date": "2011-10-01T20:01:51",
    "issue_urls": [
      "https://code.mythtv.org/trac/ticket/10071"
    ],
    "language": [
      "py"
    ]
  },
  {
    "id": 861,
    "repo_name": "LibreOffice/core",
    "fix_commit_hash": "a288bebbcec0b16e1ced09a601de5ffbb6b1bbe0",
    "bug_commit_hash": [
      "83f77ab0661df992f241e5f9ecb1aa8f8eaeafec"
    ],
    "earliest_issue_date": "2014-06-13T12:05:00",
    "issue_urls": [
      "https://bugs.documentfoundation.org/show_bug.cgi?id=79978"
    ],
    "language": [
      "hxx",
      "cxx"
    ]
  },
  {
    "id": 866,
    "repo_name": "PierreRaybaut/guiqwt",
    "fix_commit_hash": "685112981b32686d853f3183fa3d5badacfecae5",
    "bug_commit_hash": [
      "851d1950ae9d319e19075f81a1cafde1ad077b4f"
    ],
    "earliest_issue_date": "2015-09-29T13:15:20",
    "issue_urls": [
      "https://github.com/PierreRaybaut/guiqwt/issues/24"
    ],
    "language": [
      "py"
    ]
  },
  {
    "id": 873,
    "repo_name": "groupon/roll",
    "fix_commit_hash": "6e8bb1bcd7821a2219705e69da0ec71f14980cfe",
    "bug_commit_hash": [
      "32f28ebefb3b156c5ee7c26e464281cdac0f3c96"
    ],
    "earliest_issue_date": "2015-10-23T17:55:54",
    "issue_urls": [
      "https://github.com/groupon/roll/issues/11"
    ],
    "language": [
      "c"
    ]
  },
  {
    "id": 892,
    "repo_name": "miguel-negrao/supercollider",
    "fix_commit_hash": "8e39e6650d7317110b8877b2de55f29071329a87",
    "bug_commit_hash": [
      "de70eb6993a5f1a960b4b0a5e95bb1857ec2e262"
    ],
    "earliest_issue_date": "2013-05-11T02:33:47",
    "issue_urls": [
      "https://github.com/supercollider/supercollider/issues/841"
    ],
    "language": [
      "cpp"
    ]
  },
  {
    "id": 938,
    "repo_name": "paulbellamy/scope",
    "fix_commit_hash": "9cf3d671bbbca1a59e8e94c9ede7869a0bafd654",
    "bug_commit_hash": [
      "5cedfad29ae317f60567c2801e5bc1dea234c429"
    ],
    "earliest_issue_date": "2016-04-14T16:01:28",
    "issue_urls": [
      "https://github.com/weaveworks/scope/issues/1304"
    ],
    "language": [
      "js"
    ]
  },
  {
    "id": 946,
    "repo_name": "cpaasch/mptcp",
    "fix_commit_hash": "5f0de51102589acef883a2cd46dec5fbae684541",
    "bug_commit_hash": [
      "115c9b81928360d769a76c632bae62d15206a94a"
    ],
    "earliest_issue_date": "2012-11-21T16:26:18",
    "issue_urls": [
      "http://bugs.launchpad.net/bugs/1081676"
    ],
    "language": [
      "c"
    ]
  },
  {
    "id": 984,
    "repo_name": "joyent/libuv",
    "fix_commit_hash": "3a8c3987d6dcc291caef9455461d9f7d5a3443e8",
    "bug_commit_hash": [
      "76d831e4c828b5fbf0d561c29ad9d1e876082577"
    ],
    "earliest_issue_date": "2013-03-26T20:07:37",
    "issue_urls": [
      "https://github.com/joyent/libuv/issues/754"
    ],
    "language": [
      "c"
    ]
  },
  {
    "id": 987,
    "repo_name": "ncopa/openrc",
    "fix_commit_hash": "fbbad65b293c2254edcdfab0171bbe204464d503",
    "bug_commit_hash": [
      "7716bf31de5030b761613834e11e4e62f36403a5"
    ],
    "earliest_issue_date": "2015-05-14T18:33:52",
    "issue_urls": [
      "https://github.com/OpenRC/openrc/issues/54"
    ],
    "language": [
      "c"
    ]
  },
  {
    "id": 1003,
    "repo_name": "aaaaalbert/horst",
    "fix_commit_hash": "7e51f1670b8e21eddcca0b3d4e76bfa089f3c23e",
    "bug_commit_hash": [
      "c71563a985ebae941219d8ff7920ba1bc027f396"
    ],
    "earliest_issue_date": "2016-06-04T05:37:37",
    "issue_urls": [
      "https://github.com/br101/horst/issues/47"
    ],
    "language": [
      "",
      "c",
      "h"
    ]
  },
  {
    "id": 1005,
    "repo_name": "SchedMD/slurm",
    "fix_commit_hash": "8ddec8b82f90652182cb7eddb7aa841e4fa4e639",
    "bug_commit_hash": [
      "1b7f5b91c18e747dd4a27fc1f64c000f04e78669"
    ],
    "earliest_issue_date": "2013-06-21T05:57:00",
    "issue_urls": [
      "https://bugs.schedmd.com/show_bug.cgi?id=343"
    ],
    "language": [
      "c"
    ]
  },
  {
    "id": 1013,
    "repo_name": "peircej/psychopy",
    "fix_commit_hash": "bf6e399c5edbaa6fec82b0fa958ce7680b9223f5",
    "bug_commit_hash": [
      "9dc4e7e23536d65b6025a8ece86ad822d7f815cc"
    ],
    "earliest_issue_date": "2018-02-16T15:03:01",
    "issue_urls": [
      "https://github.com/psychopy/psychopy/issues/1729"
    ],
    "language": [
      "py"
    ]
  },
  {
    "id": 1022,
    "repo_name": "chrisforbes/mesa",
    "fix_commit_hash": "6cf3034ba72bff55841b1e3338fbc541cd04efdc",
    "bug_commit_hash": [
      "4bea4cb9fd55cdb267003a6e6e16f7e903e00940"
    ],
    "earliest_issue_date": "2012-12-17T00:31:00",
    "issue_urls": [
      "https://bugs.freedesktop.org/show_bug.cgi?id=58380"
    ],
    "language": [
      "c"
    ]
  },
  {
    "id": 1040,
    "repo_name": "torvalds/linux",
    "fix_commit_hash": "364aece01a2dd748fc36a1e8bf52ef639b0857bd",
    "bug_commit_hash": [
      "e7778be1eab918274f79603d7c17b3ec8be77386"
    ],
    "earliest_issue_date": "2015-03-17T02:32:00",
    "issue_urls": [
      "https://bugs.freedesktop.org/show_bug.cgi?id=89600"
    ],
    "language": [
      "c"
    ]
  },
  {
    "id": 1076,
    "repo_name": "codinguser/gnucash-android",
    "fix_commit_hash": "fd7007ef21c50b1fb3b24d06ac63173b02832f5f",
    "bug_commit_hash": [
      "66cc5332e67e04cb6ce00c558237ea32a77bc627"
    ],
    "earliest_issue_date": "2016-02-28T18:32:13",
    "issue_urls": [
      "https://github.com/codinguser/gnucash-android/issues/479"
    ],
    "language": [
      "java"
    ]
  },
  {
    "id": 1108,
    "repo_name": "ystreet/gst-plugins-gl",
    "fix_commit_hash": "fa6d1b36c49857b0025fd3ee7f76c5e6585ee488",
    "bug_commit_hash": [
      "fffdcbdd3dde437e10cf6e1b5e40c6958d41e6c1"
    ],
    "earliest_issue_date": "2013-12-20T15:20:00",
    "issue_urls": [
      "https://bugzilla.gnome.org/show_bug.cgi?id=720826"
    ],
    "language": [
      "c"
    ]
  },
  {
    "id": 1142,
    "repo_name": "pandemicsyn/statsdpy",
    "fix_commit_hash": "c87134e6e1ce077bda066ed8a64de14089a3e259",
    "bug_commit_hash": [
      "7f502e81c71db748c636795b86b961cb048bfdfc"
    ],
    "earliest_issue_date": "2014-02-28T17:35:22",
    "issue_urls": [
      "https://github.com/pandemicsyn/statsdpy/issues/6"
    ],
    "language": [
      "py"
    ]
  },
  {
    "id": 1188,
    "repo_name": "jandre/zerorpc-node",
    "fix_commit_hash": "a3e5890f9f3995bdc9b8fb13d762249c48924ecd",
    "bug_commit_hash": [
      "2f7bd5c53a855fee512e3ccf021641f1d1ab942e"
    ],
    "earliest_issue_date": "2012-08-23T22:48:14",
    "issue_urls": [
      "https://github.com/0rpc/zerorpc-node/issues/11"
    ],
    "language": [
      "json"
    ]
  },
  {
    "id": 1247,
    "repo_name": "MaddTheSane/qemu",
    "fix_commit_hash": "0dd5ce38fbeb2fb97b01cc8c1c97292211e48ee6",
    "bug_commit_hash": [
      "d60fa42e8bae39440f997ebfe8fe328269a57d16"
    ],
    "earliest_issue_date": "2013-08-06T18:01:12",
    "issue_urls": [
      "https://bugs.launchpad.net/qemu/+bug/1208944"
    ],
    "language": [
      "c"
    ]
  },
  {
    "id": 1275,
    "repo_name": "scylladb/scylla-tools-java",
    "fix_commit_hash": "20eb39fa192f14fec0edbe0a44db214f893876ae",
    "bug_commit_hash": [
      "13b64ad6e3d4841c4f7b49aef0858c196cb2b5e6"
    ],
    "earliest_issue_date": "2016-05-05T08:14:36",
    "issue_urls": [
      "https://github.com/scylladb/scylla-tools-java/issues/6"
    ],
    "language": [
      "java"
    ]
  },
  {
    "id": 1292,
    "repo_name": "mconf/mconf-web",
    "fix_commit_hash": "9875b132e7be4246229ba2962ccb84f8ae52ae79",
    "bug_commit_hash": [
      "73b390347d28dd03ccd500b04065b1bd517b6a2e"
    ],
    "earliest_issue_date": "2016-05-08T16:03:22",
    "issue_urls": [
      "https://github.com/mconf/mconf-web/issues/766"
    ],
    "language": [
      "rb"
    ]
  },
  {
    "id": 1421,
    "repo_name": "jupyter/notebook",
    "fix_commit_hash": "53b8e376337a6271ff4a60514b827781defd06cc",
    "bug_commit_hash": [
      "89b7d96ccd87d03226b7977b469e69172c39ef0e"
    ],
    "earliest_issue_date": "2016-01-01T15:32:58",
    "issue_urls": [
      "https://github.com/jupyter/notebook/issues/917"
    ],
    "language": [
      "js"
    ]
  },
  {
    "id": 1442,
    "repo_name": "DynamoRIO/dynamorio",
    "fix_commit_hash": "da61ab95bece4c5c6e2791817956d07738657c72",
    "bug_commit_hash": [
      "3db7e9060b3e357512300ecdc92fd70eb29b1f4a"
    ],
    "earliest_issue_date": "2014-11-28T01:24:27",
    "issue_urls": [
      "https://github.com/DynamoRIO/dynamorio/issues/556"
    ],
    "language": [
      "c"
    ]
  },
  {
    "id": 1458,
    "repo_name": "postgres/postgres",
    "fix_commit_hash": "f1a4020ef3bbb9381a43972f33159dc5a6132758",
    "bug_commit_hash": [
      "6d7547c219adf2436323cdbd4bebc5e872d53546"
    ],
    "earliest_issue_date": "2019-12-17T22:50:26",
    "issue_urls": [
      "https://www.postgresql.org/message-id/23073.1576626626@sss.pgh.pa.us"
    ],
    "language": [
      "c"
    ]
  },
  {
    "id": 1464,
    "repo_name": "systemd/systemd",
    "fix_commit_hash": "2301c54fa91379f5fe2458e28ed902aff5cf12d2",
    "bug_commit_hash": [
      "e1f717d4a02e15ae11a191dd4962b2f4d117678d"
    ],
    "earliest_issue_date": "2019-01-27T23:54:03",
    "issue_urls": [
      "https://github.com/systemd/systemd/issues/11579"
    ],
    "language": [
      "c"
    ]
  },
  {
    "id": 1486,
    "repo_name": "codemirror/CodeMirror",
    "fix_commit_hash": "b4ec855fe599b9ac9048957a5bb2e8cd88a75b7d",
    "bug_commit_hash": [
      "329b9e6ec334f92cf615644d0602090cb3f79d38"
    ],
    "earliest_issue_date": "2016-10-14T01:02:33",
    "issue_urls": [
      "https://github.com/codemirror/CodeMirror/issues/4310"
    ],
    "language": [
      "js"
    ]
  },
  {
    "id": 1517,
    "repo_name": "framasoft/ep_mypads",
    "fix_commit_hash": "121fc4534909ab1ed2a42942aed9813614e6414b",
    "bug_commit_hash": [
      "a0a127ab09685012f526820f266d7851c3d42457"
    ],
    "earliest_issue_date": "2018-03-15T23:18:22",
    "issue_urls": [
      "https://framagit.org/framasoft/Etherpad/ep_mypads/-/issues/166"
    ],
    "language": [
      "js",
      "json"
    ]
  },
  {
    "id": 1572,
    "repo_name": "kontrollanten/algolia-places-react",
    "fix_commit_hash": "6f68e090dffebc2a08f62cb3def7e19bf1953b69",
    "bug_commit_hash": [
      "da6add1cd598432c6fa7ffa6194a481614914de9"
    ],
    "earliest_issue_date": "2019-02-05T14:52:14",
    "issue_urls": [
      "https://github.com/kontrollanten/algolia-places-react/issues/93"
    ],
    "language": [
      "yml"
    ]
  },
  {
    "id": 1594,
    "repo_name": "libvirt/libvirt",
    "fix_commit_hash": "b91a33638476cf57d910b6056a8fc11921edd029",
    "bug_commit_hash": [
      "cb3fe38c74bd1fb4ef76c64c045cf48467a9d259"
    ],
    "earliest_issue_date": "2014-06-26T09:18:00",
    "issue_urls": [
      "https://bugzilla.redhat.com/1113474"
    ],
    "language": [
      "c"
    ]
  },
  {
    "id": 1635,
    "repo_name": "audacity/audacity",
    "fix_commit_hash": "8b532546c905af1168a5d654dc71dda6a5188af5",
    "bug_commit_hash": [
      "da66806bc0a1c5ef517a8403621a2e2dae401f0e"
    ],
    "earliest_issue_date": "2019-12-28T20:55:00",
    "issue_urls": [
      "https://bugzilla.audacityteam.org/show_bug.cgi?id=2267"
    ],
    "language": [
      "cpp"
    ]
  },
  {
    "id": 1638,
    "repo_name": "jandecaluwe/myhdl",
    "fix_commit_hash": "7fea7bdd9dccb23d8aa235215b8aefa2b016541f",
    "bug_commit_hash": [
      "08519b452f153885d3cc43038111b7779e2bb2f1"
    ],
    "earliest_issue_date": "2015-05-27T15:43:11",
    "issue_urls": [
      "https://github.com/myhdl/myhdl/issues/82"
    ],
    "language": [
      "py"
    ]
  },
  {
    "id": 1679,
    "repo_name": "mozilla-b2g/caldav",
    "fix_commit_hash": "a8bf85aeedc1139b7cfa527ad4c42bb9feee5345",
    "bug_commit_hash": [
      "c197deab25d8425bdfa8d8d2feccedbb2776a48e"
    ],
    "earliest_issue_date": "2014-02-19T19:29:00",
    "issue_urls": [
      "https://bugzilla.mozilla.org/show_bug.cgi?id=974554"
    ],
    "language": [
      "js"
    ]
  },
  {
    "id": 1736,
    "repo_name": "JuliaLang/julia",
    "fix_commit_hash": "25c6cc121162e7fdb687cd576cece24157e58994",
    "bug_commit_hash": [
      "17348360ab9e61c5a66618b9f3cbb990e24e90de"
    ],
    "earliest_issue_date": "2016-05-23T08:44:00",
    "issue_urls": [
      "https://github.com/JuliaLang/julia/issues/16529"
    ],
    "language": [
      "c"
    ]
  },
  {
    "id": 1759,
    "repo_name": "systemd/systemd",
    "fix_commit_hash": "5ce41697bd3ddc19cd6e1e6834751082ca0c8b02",
    "bug_commit_hash": [
      "a3ce813697bcc1c4644e097a2f1cd0459326d6ee"
    ],
    "earliest_issue_date": "2019-02-05T12:58:34",
    "issue_urls": [
      "https://github.com/systemd/systemd/issues/11652"
    ],
    "language": [
      "c"
    ]
  },
  {
    "id": 1773,
    "repo_name": "hughsie/colord",
    "fix_commit_hash": "301f24d02158f1e12a2e7ccdf9970d02ecddd534",
    "bug_commit_hash": [
      "b6f7c4d117a06f059a6e852e2dce8c13a3bb1f2c"
    ],
    "earliest_issue_date": "2015-02-09T14:21:00",
    "issue_urls": [
      "https://bugzilla.redhat.com/show_bug.cgi?id=1190720"
    ],
    "language": [
      "c"
    ]
  },
  {
    "id": 1774,
    "repo_name": "gaearon/react",
    "fix_commit_hash": "c77411b1af3abe62d35c981089dca6e4624cf44c",
    "bug_commit_hash": [
      "94d0dc68c89c0292cd430976a7dafb95f8d13cf4"
    ],
    "earliest_issue_date": "2016-05-25T23:07:00",
    "issue_urls": [
      "https://github.com/facebook/react/issues/6879"
    ],
    "language": [
      "js"
    ]
  },
  {
    "id": 1849,
    "repo_name": "duojs/pack",
    "fix_commit_hash": "511da67a8e6f08c8ca2e5b68ec3f01c323b561cc",
    "bug_commit_hash": [
      "8d6c6264cf87db9f39788232ba3bea69209ec20a"
    ],
    "earliest_issue_date": "2015-06-23T15:17:39",
    "issue_urls": [
      "https://github.com/duojs/duo/issues/474"
    ],
    "language": [
      "js"
    ]
  },
  {
    "id": 2014,
    "repo_name": "Freeyourgadget/Gadgetbridge",
    "fix_commit_hash": "4dbc255ad5d6313a5a6badd0310362e1e03789ca",
    "bug_commit_hash": [
      "d8894d315ac36c678d84ed5a6d861b907cbe272f"
    ],
    "earliest_issue_date": "2017-04-07T07:07:19",
    "issue_urls": [
      "https://github.com/Freeyourgadget/Gadgetbridge/issues/643"
    ],
    "language": [
      "js"
    ]
  },
  {
    "id": 2015,
    "repo_name": "GMOD/jbrowse",
    "fix_commit_hash": "2b84a5183684d8499131d99a2127a32cebef13ae",
    "bug_commit_hash": [
      "e068cca8faee253f273647adb14c4ca861c14e60"
    ],
    "earliest_issue_date": "2013-10-04T14:53:04",
    "issue_urls": [
      "https://github.com/GMOD/jbrowse/issues/357"
    ],
    "language": [
      "js"
    ]
  },
  {
    "id": 2043,
    "repo_name": "cheton/cnc",
    "fix_commit_hash": "8a1a94be3f4015df93275c113808bce99567641d",
    "bug_commit_hash": [
      "c9c78d9409c45e369dd7c92929788915c88a4e55"
    ],
    "earliest_issue_date": "2016-12-04T17:50:11",
    "issue_urls": [
      "https://github.com/cncjs/cncjs/issues/102"
    ],
    "language": [
      "js"
    ]
  },
  {
    "id": 2073,
    "repo_name": "rohgarg/dmtcp-1",
    "fix_commit_hash": "0ee50a55117e3baeef6aea422acf5bf56a69e82a",
    "bug_commit_hash": [
      "9a02dab48af77a0cde0a139eafc3fca98ebf42a9"
    ],
    "earliest_issue_date": "2017-04-03T23:30:15",
    "issue_urls": [
      "https://github.com/dmtcp/dmtcp/issues/589"
    ],
    "language": [
      "cpp"
    ]
  },
  {
    "id": 2091,
    "repo_name": "systopia/de.systopia.signatures",
    "fix_commit_hash": "e596fb69b1d9224321bfd2ae0775d95926217763",
    "bug_commit_hash": [
      "b00c25b1a8208d98a06bc70f102c2e017971f6d0"
    ],
    "earliest_issue_date": "2020-01-14T17:10:54",
    "issue_urls": [
      "https://github.com/systopia/de.systopia.signatures/issues/6"
    ],
    "language": [
      "php"
    ]
  },
  {
    "id": 2116,
    "repo_name": "jjjake/ia-wrapper",
    "fix_commit_hash": "1ba65110f6a758125d920af2c368c84845edb888",
    "bug_commit_hash": [
      "379b910954f327669ba1940ee8064c8b610be75d"
    ],
    "earliest_issue_date": "2013-10-10T22:27:18",
    "issue_urls": [
      "https://github.com/jjjake/internetarchive/issues/30"
    ],
    "language": [
      "py"
    ]
  },
  {
    "id": 2148,
    "repo_name": "GNOME/gnome-shell",
    "fix_commit_hash": "08506eac2d422bfe586e5aa1de514b9ede408e84",
    "bug_commit_hash": [
      "3c8c5a5570592b2a45c7e02823e1812680a16d87"
    ],
    "earliest_issue_date": "2015-08-03T13:54:00",
    "issue_urls": [
      "https://bugzilla.gnome.org/show_bug.cgi?id=753181"
    ],
    "language": [
      "js"
    ]
  },
  {
    "id": 2196,
    "repo_name": "nydailynews/restaurant-guide",
    "fix_commit_hash": "02cfaa2a96c106cb902c5b96896b344f8980beb3",
    "bug_commit_hash": [
      "798a94c6de7ba1ecb9dc793c08444d1407f423a7"
    ],
    "earliest_issue_date": "2017-04-17T22:11:12",
    "issue_urls": [
      "https://github.com/nydailynews/subway-stop-restaurant-lookup-table/issues/55"
    ],
    "language": [
      "js"
    ]
  },
  {
    "id": 2224,
    "repo_name": "systemd/systemd",
    "fix_commit_hash": "a8cabc612b16834260831a8163ae4b479b5c33a5",
    "bug_commit_hash": [
      "6c47cd7d3bf35c8158a0737f34fe2c5dc95e72d6"
    ],
    "earliest_issue_date": "2017-10-10T23:07:46",
    "issue_urls": [
      "https://github.com/systemd/systemd/issues/7055"
    ],
    "language": [
      "c"
    ]
  },
  {
    "id": 2236,
    "repo_name": "TrinityCore/TrinityCore",
    "fix_commit_hash": "6aa3ec8fb10e6916fd00368af40471ef8dbeb5d6",
    "bug_commit_hash": [
      "2b1cde25604b6400ac327801d8e1649e30688f5a"
    ],
    "earliest_issue_date": "2019-06-26T22:38:32",
    "issue_urls": [
      "https://github.com/TrinityCore/TrinityCore/issues/23525"
    ],
    "language": [
      "sql"
    ]
  },
  {
    "id": 2245,
    "repo_name": "mtaylor/activemq-artemis",
    "fix_commit_hash": "9a905ceef3bd7d78f61dff3c902ac4b38d19215b",
    "bug_commit_hash": [
      "4b47461f03a607b9ef517beb2a1666ffae43a2a7"
    ],
    "earliest_issue_date": "2017-03-28T08:45:58",
    "issue_urls": [
      "https://issues.redhat.com/browse/JBEAP-9937?_sscc=t"
    ],
    "language": [
      "java"
    ]
  },
  {
    "id": 2251,
    "repo_name": "arduino/ArduinoCore-samd",
    "fix_commit_hash": "eb629113e2c7cbd23d5a6f53b4b6b24ade9d2c46",
    "bug_commit_hash": [
      "5704a06f781558efe9f141c6323fcae9e64036dd"
    ],
    "earliest_issue_date": "2019-06-24T17:11:13",
    "issue_urls": [
      "https://github.com/arduino/ArduinoCore-samd/issues/422",
      "https://github.com/arduino/ArduinoCore-samd/issues/426"
    ],
    "language": [
      "txt"
    ]
  },
  {
    "id": 2271,
    "repo_name": "jbottel/TARS",
    "fix_commit_hash": "2f31ccc73ef1e8b920779cf453379953a933cfaf",
    "bug_commit_hash": [
      "2d9c03a398a1213e6f8d09c291cca5ed2854fee2"
    ],
    "earliest_issue_date": "2015-04-03T22:15:31",
    "issue_urls": [
      "https://github.com/jbottel/TARS/issues/18",
      "https://github.com/jbottel/TARS/issues/19"
    ],
    "language": [
      "js"
    ]
  },
  {
    "id": 2321,
    "repo_name": "spring-projects/spring-framework",
    "fix_commit_hash": "813108a928fd50a1fb87e9333b974b6e7242b117",
    "bug_commit_hash": [
      "0adc4921ed4eadba531f12fdaa5faaf36265029b"
    ],
    "earliest_issue_date": "2012-09-20T17:11:34",
    "issue_urls": [
      "https://github.com/spring-projects/spring-framework/issues/14447",
      "https://jira.spring.io/browse/SPR-14447?redirect=false"
    ],
    "language": [
      "java"
    ]
  },
  {
    "id": 2329,
    "repo_name": "federicomariamassari/willow-tree",
    "fix_commit_hash": "8b769ec8c9017bc13575220bf7b42b2b60057962",
    "bug_commit_hash": [
      "dec5db55f1f0869bd0a08757d054682d9bdcb997"
    ],
    "earliest_issue_date": "2017-10-17T07:52:41",
    "issue_urls": [
      "https://github.com/federicomariamassari/willowtree/issues/4"
    ],
    "language": [
      "py"
    ]
  },
  {
    "id": 2331,
    "repo_name": "dials/dials",
    "fix_commit_hash": "6fffea1e580885d388efe97da2cdaecc74fdd8f3",
    "bug_commit_hash": [
      "6b5f05af44d9287841bf502d4e82b97e377bc59b"
    ],
    "earliest_issue_date": "2019-07-01T13:33:10",
    "issue_urls": [
      "https://github.com/dials/dials/issues/829"
    ],
    "language": [
      "py"
    ]
  },
  {
    "id": 2356,
    "repo_name": "toladata/TolaActivity",
    "fix_commit_hash": "e192b0b254a339bb7861dc8b2932305c754672a4",
    "bug_commit_hash": [
      "34e1a2a106ad78c88161860a35d53cfbc2ab154a"
    ],
    "earliest_issue_date": "2017-04-21T11:58:15",
    "issue_urls": [
      "https://github.com/toladata/TolaActivity/issues/668"
    ],
    "language": [
      "py"
    ]
  },
  {
    "id": 2359,
    "repo_name": "haikuports/haikuporter",
    "fix_commit_hash": "13b41e85f1829d7938eeb7e331b4f435ae8c7023",
    "bug_commit_hash": [
      "210c9e5ebe4784b2000b51bd0792ad45808365b4"
    ],
    "earliest_issue_date": "2016-03-06T14:46:08",
    "issue_urls": [
      "https://github.com/haikuports/haikuporter/issues/83"
    ],
    "language": [
      "py"
    ]
  },
  {
    "id": 2380,
    "repo_name": "RobbertProost/qtbase",
    "fix_commit_hash": "7286d9d8dd1f8543007218a91d5c6767a7a7b152",
    "bug_commit_hash": [
      "422838685c31d9b57133a8711bfd5db92095d96d"
    ],
    "earliest_issue_date": "2018-03-06T10:54:17",
    "issue_urls": [
      "https://bugreports.qt.io/browse/QTBUG-66897?attachmentSortBy=dateTime"
    ],
    "language": [
      "cpp",
      "h"
    ]
  },
  {
    "id": 2392,
    "repo_name": "nithinmurali/pygsheets",
    "fix_commit_hash": "c14dcc80b65c6435dce3ee5373e9ab4070348920",
    "bug_commit_hash": [
      "4cad31d25e9d57a9a85a90f62dc718b3f733dfa1"
    ],
    "earliest_issue_date": "2017-10-12T07:26:13",
    "issue_urls": [
      "https://github.com/nithinmurali/pygsheets/issues/139"
    ],
    "language": [
      "py"
    ]
  },
  {
    "id": 2401,
    "repo_name": "creesch/reddit-moderator-toolbox",
    "fix_commit_hash": "19fa757a0f7d9870c971a228a3ac112ea98859dc",
    "bug_commit_hash": [
      "6c2ec3c78b1be282b098a631a2d66070f1ff4fcc"
    ],
    "earliest_issue_date": "2015-04-11T03:35:54",
    "issue_urls": [
      "https://github.com/toolbox-team/reddit-moderator-toolbox-legacy/issues/493"
    ],
    "language": [
      "js"
    ]
  },
  {
    "id": 2433,
    "repo_name": "yuwata/systemd",
    "fix_commit_hash": "3f856a2813359ad8203ccad388e54ff41a9ecaf1",
    "bug_commit_hash": [
      "cffaed83e87bde81378b2be74192193850d0e03a"
    ],
    "earliest_issue_date": "2017-10-18T18:15:37",
    "issue_urls": [
      "https://github.com/systemd/systemd/issues/7129"
    ],
    "language": [
      "c"
    ]
  },
  {
    "id": 2475,
    "repo_name": "atari800/atari800",
    "fix_commit_hash": "e90f6b3492aacdcc32b9a58545cc9bc3ee8bd7a8",
    "bug_commit_hash": [
      "5f6d891ac1023917133c2ec560dad3eaa27e90d7"
    ],
    "earliest_issue_date": "2020-02-02T19:37:30",
    "issue_urls": [
      "https://github.com/atari800/atari800/issues/89"
    ],
    "language": [
      "c"
    ]
  },
  {
    "id": 2513,
    "repo_name": "INRIA/spoon",
    "fix_commit_hash": "1a9b670225b1cf2586e80cde24c4ce9bfdf06da4",
    "bug_commit_hash": [
      "adb2fd7420b3bf01e696be87f4791759bfb6de53"
    ],
    "earliest_issue_date": "2016-12-19T16:24:28",
    "issue_urls": [
      "https://github.com/INRIA/spoon/issues/1053"
    ],
    "language": [
      "java"
    ]
  },
  {
    "id": 2546,
    "repo_name": "vatesfr/xen-orchestra",
    "fix_commit_hash": "29fc17f2605fece05375d147c22096ed9e995578",
    "bug_commit_hash": [
      "ba6b968256a785f03fafe2500567e1bdf757a904"
    ],
    "earliest_issue_date": "2018-08-10T08:09:20",
    "issue_urls": [
      "https://github.com/vatesfr/xen-orchestra/issues/3293"
    ],
    "language": [
      "js"
    ]
  },
  {
    "id": 2555,
    "repo_name": "zachariasmaladroit/android_kernel_sony_msm8994_kitakami_r2",
    "fix_commit_hash": "b0fd3338b7d1862004b52574cf172b0dbe542b74",
    "bug_commit_hash": [
      "1f0b63866fc1be700260547be8edf8e6f0af37f2"
    ],
    "earliest_issue_date": "2014-07-15T06:07:09",
    "issue_urls": [
      "https://marc.info/?l=linux-pm&m=140541182017443&w=2"
    ],
    "language": [
      "c"
    ]
  },
  {
    "id": 2558,
    "repo_name": "AIFDR/inasafe",
    "fix_commit_hash": "0e064c2b1c8f06f4ba389d01dbe6ddbd6f32f336",
    "bug_commit_hash": [
      "c6d83eedba7852fd84a85f4392395cc65766f43a"
    ],
    "earliest_issue_date": "2015-08-26T03:04:41",
    "issue_urls": [
      "https://github.com/inasafe/inasafe/issues/2235"
    ],
    "language": [
      "py"
    ]
  },
  {
    "id": 2596,
    "repo_name": "OpenSIPS/opensips",
    "fix_commit_hash": "8e80335f324b16680e60a9cb04ff012ea88ca615",
    "bug_commit_hash": [
      "8c8f27f6091289061f6aaf0d3c85ccd27db80a0d"
    ],
    "earliest_issue_date": "2019-07-08T15:41:02",
    "issue_urls": [
      "https://github.com/OpenSIPS/opensips/issues/1754"
    ],
    "language": [
      "c"
    ]
  },
  {
    "id": 2606,
    "repo_name": "mesa3d/mesa",
    "fix_commit_hash": "da76dfb5159c2ca8ee24d64a5f85a68f28b70c65",
    "bug_commit_hash": [
      "a8ec4082a41830cf67a4fd405402fd2d820722fd"
    ],
    "earliest_issue_date": "2020-01-13T12:00:39",
    "issue_urls": [
      "https://gitlab.freedesktop.org/mesa/mesa/-/issues/2346"
    ],
    "language": [
      "cpp"
    ]
  },
  {
    "id": 2641,
    "repo_name": "joshdick/miniProxy",
    "fix_commit_hash": "0cb108f0ec6fb52472becfa705e674f58f75dcb8",
    "bug_commit_hash": [
      "8f77479c2a5ba8884fb4fa5131a2657da3b2dfc4"
    ],
    "earliest_issue_date": "2016-05-10T18:39:49",
    "issue_urls": [
      "https://github.com/joshdick/miniProxy/issues/36"
    ],
    "language": [
      "php"
    ]
  },
  {
    "id": 2649,
    "repo_name": "nouiz/Theano",
    "fix_commit_hash": "d714304c311d8e9bf9b88eac92a89d04af99e470",
    "bug_commit_hash": [
      "41a8e89b63f5b4d4f9a0b942554ed5483e1ceab5"
    ],
    "earliest_issue_date": "2015-09-10T17:35:21",
    "issue_urls": [
      "https://github.com/Theano/Theano/issues/3377"
    ],
    "language": [
      "py"
    ]
  },
  {
    "id": 2657,
    "repo_name": "geemus/stringer",
    "fix_commit_hash": "da1915c9f83fa8429b351a7b044b5dbd9a258539",
    "bug_commit_hash": [
      "81a60ac44197a021aa8a7b9876acb3b6642436d8"
    ],
    "earliest_issue_date": "2016-05-10T14:07:51",
    "issue_urls": [
      "https://github.com/swanson/stringer/issues/437",
      "https://github.com/swanson/stringer/issues/436"
    ],
    "language": [
      ""
    ]
  },
  {
    "id": 2664,
    "repo_name": "KDE/kwin",
    "fix_commit_hash": "9334d0ac48239156d7e6d2e08c626852fca8b164",
    "bug_commit_hash": [
      "efedddd905c3e4998d164f7702f7cdca4f7fd160"
    ],
    "earliest_issue_date": "2017-05-11T19:39:00",
    "issue_urls": [
      "https://bugs.kde.org/show_bug.cgi?id=379732"
    ],
    "language": [
      "cpp",
      "h"
    ]
  },
  {
    "id": 2674,
    "repo_name": "hamishcoleman/thinkpad-ec",
    "fix_commit_hash": "01ad8a01f6a0d885f5992018147caa5ce223dd0e",
    "bug_commit_hash": [
      "48b019b6603f3563cdf633ac99ceafebfce0645f"
    ],
    "earliest_issue_date": "2016-08-05T04:21:40",
    "issue_urls": [
      "https://github.com/hamishcoleman/thinkpad-ec/issues/9"
    ],
    "language": [
      ""
    ]
  },
  {
    "id": 2700,
    "repo_name": "dials/dials",
    "fix_commit_hash": "04b8dce6cbd23cdf69254cb07deb6f988439a267",
    "bug_commit_hash": [
      "89e0a64ab297d35f713ae479089b85ff1513ede5"
    ],
    "earliest_issue_date": "2017-01-06T11:49:46",
    "issue_urls": [
      "https://github.com/dials/dials/issues/278"
    ],
    "language": [
      "py"
    ]
  },
  {
    "id": 2719,
    "repo_name": "analogdevicesinc/libiio",
    "fix_commit_hash": "a471761d866b8e02f0143a83c1842d02f9e35184",
    "bug_commit_hash": [
      "9d77ca0914297b03358e206cf0aef7bf6f2829b3"
    ],
    "earliest_issue_date": "2016-12-15T18:04:10",
    "issue_urls": [
      "https://github.com/analogdevicesinc/libiio/issues/73"
    ],
    "language": [
      "c"
    ]
  },
  {
    "id": 2727,
    "repo_name": "rstudio/rstudio",
    "fix_commit_hash": "36b13dfdf0c4f89a22f12c9cb659b0ad2e33a8a4",
    "bug_commit_hash": [
      "2b7bff8f28b37d73d6063338b511cedd9caa5fae"
    ],
    "earliest_issue_date": "2017-12-06T17:05:41",
    "issue_urls": [
      "https://github.com/rstudio/rstudio/issues/1810"
    ],
    "language": [
      "java"
    ]
  },
  {
    "id": 2747,
    "repo_name": "JCount/brew",
    "fix_commit_hash": "aa81f5635648383b0245bc791edc3b9668a02829",
    "bug_commit_hash": [
      "a7c6a57c8ea6314d5e1aa25e43d2b4a447b591a8"
    ],
    "earliest_issue_date": "2017-05-20T19:04:27",
    "issue_urls": [
      "https://github.com/Homebrew/brew/issues/2657"
    ],
    "language": [
      "rb"
    ]
  },
  {
    "id": 2754,
    "repo_name": "fwupd/fwupd",
    "fix_commit_hash": "5c7e17276c8eb0c2a845cecb7d644a4bccf80519",
    "bug_commit_hash": [
      "e076d48afb74d1447936d353f12781755f13b047"
    ],
    "earliest_issue_date": "2020-02-13T16:26:34",
    "issue_urls": [
      "https://github.com/fwupd/fwupd/issues/1770"
    ],
    "language": [
      "c"
    ]
  },
  {
    "id": 2760,
    "repo_name": "systemd/systemd",
    "fix_commit_hash": "a289dfd69b3ff4bccdde93e84b67c947bafa27e1",
    "bug_commit_hash": [
      "7fdb237f5473cb8fc2129e57e8a0039526dcb4fd"
    ],
    "earliest_issue_date": "2019-01-27T00:07:00",
    "issue_urls": [
      "https://github.com/systemd/systemd/issues/11571"
    ],
    "language": [
      "c"
    ]
  },
  {
    "id": 2804,
    "repo_name": "KiCad/kicad-source-mirror",
    "fix_commit_hash": "2832f997c57ba1e080146caf0c0bcaf6a9bb4465",
    "bug_commit_hash": [
      "ba1e0efdadd731de11482c7287e69abf6c2a1c9c"
    ],
    "earliest_issue_date": "2018-05-13T18:18:57",
    "issue_urls": [
      "https://bugs.launchpad.net/kicad/+bug/1771003"
    ],
    "language": [
      "cpp"
    ]
  },
  {
    "id": 2824,
    "repo_name": "kezabelle/django-shouty-templates",
    "fix_commit_hash": "c8b615f205e6df605a9ae4dc005f068e59ea4316",
    "bug_commit_hash": [
      "4b1b3bdc8a702b2b6b23b51cb0799df2291c027f"
    ],
    "earliest_issue_date": "2019-12-06T11:50:51",
    "issue_urls": [
      "https://github.com/kezabelle/django-shouty-templates/issues/1"
    ],
    "language": [
      "py"
    ]
  },
  {
    "id": 2828,
    "repo_name": "magnumripper/JohnTheRipper",
    "fix_commit_hash": "0a3bd5018ad72b6e9e4ea86755f8e4ecdc755ba0",
    "bug_commit_hash": [
      "27c9bf1794d5c76bd11976c0c3704b25d31918eb"
    ],
    "earliest_issue_date": "2017-12-25T00:02:12",
    "issue_urls": [
      "https://github.com/magnumripper/JohnTheRipper/issues/3050"
    ],
    "language": [
      "c"
    ]
  },
  {
    "id": 2840,
    "repo_name": "agilgur5/react-signature-canvas",
    "fix_commit_hash": "81e426c13ab7b0483ad7c3dec1b71022919c6240",
    "bug_commit_hash": [
      "342ce9609b990c71ba9fe0cea11a42fe4607ea77"
    ],
    "earliest_issue_date": "2017-07-26T13:58:56",
    "issue_urls": [
      "https://github.com/agilgur5/react-signature-canvas/issues/11"
    ],
    "language": [
      "md",
      "js"
    ]
  },
  {
    "id": 2846,
    "repo_name": "fish-shell/fish-shell",
    "fix_commit_hash": "eff2a3c3a369b5c48fdd4f10236d18358bf00531",
    "bug_commit_hash": [
      "c114cbc9af4b5a07fb6e87b50f36e78aa8aba615"
    ],
    "earliest_issue_date": "2017-05-27T13:18:44",
    "issue_urls": [
      "https://github.com/fish-shell/fish-shell/issues/4075"
    ],
    "language": [
      "cpp"
    ]
  },
  {
    "id": 2853,
    "repo_name": "OSGeo/gdal",
    "fix_commit_hash": "4470ea897eda9272e9b5dd3edb00c2855b0b88e7",
    "bug_commit_hash": [
      "977f2da59e46852f49534361860bb92f9c6ad1fd"
    ],
    "earliest_issue_date": "2019-03-15T08:05:00",
    "issue_urls": [
      "https://bugs.chromium.org/p/oss-fuzz/issues/detail?id=13734"
    ],
    "language": [
      "py",
      "cpp"
    ]
  },
  {
    "id": 2856,
    "repo_name": "servalproject/serval-dna",
    "fix_commit_hash": "90e338f239f9c2afb9a7fe968584b332ef43626e",
    "bug_commit_hash": [
      "c2103e3b86a1032264845d0b80f6712d65004c48"
    ],
    "earliest_issue_date": "2018-05-16T11:37:51",
    "issue_urls": [
      "https://github.com/servalproject/serval-dna/issues/138"
    ],
    "language": [
      "c"
    ]
  },
  {
    "id": 2857,
    "repo_name": "SonMinWoo/AnsanBladeWind",
    "fix_commit_hash": "f30183df7062fabf389dffb10c87d80180924cac",
    "bug_commit_hash": [
      "4bfaa3bfabc8d92202e0770b26ca4304e6022d04"
    ],
    "earliest_issue_date": "2018-05-11T07:32:19",
    "issue_urls": [
      "https://github.com/SonMinWoo/AnsanBladeWind/issues/8"
    ],
    "language": [
      "py"
    ]
  },
  {
    "id": 2864,
    "repo_name": "cosmocode/dokuwiki-plugin-struct",
    "fix_commit_hash": "f0ee60b954b9647d3eb2249b991590b08ad39158",
    "bug_commit_hash": [
      "ff2afc7c7bdf9f04b6bc2917af42ff865757c54d"
    ],
    "earliest_issue_date": "2018-06-02T00:42:19",
    "issue_urls": [
      "https://github.com/cosmocode/dokuwiki-plugin-struct/issues/398"
    ],
    "language": [
      "php"
    ]
  },
  {
    "id": 2868,
    "repo_name": "sqlitebrowser/sqlitebrowser",
    "fix_commit_hash": "c9c848e99555f816aa183e7dad426e3151e0f51d",
    "bug_commit_hash": [
      "27c657902e354b11fb5778cc09518a95d37d3698"
    ],
    "earliest_issue_date": "2017-12-29T00:57:32",
    "issue_urls": [
      "https://github.com/sqlitebrowser/sqlitebrowser/issues/1279",
      "https://github.com/sqlitebrowser/sqlitebrowser/issues/1282"
    ],
    "language": [
      "cpp"
    ]
  },
  {
    "id": 2890,
    "repo_name": "garbagemule/MobArena",
    "fix_commit_hash": "ba41e51e48cc168dd8fc37f8db14db7b9fa16d65",
    "bug_commit_hash": [
      "88ddbe5ac6ac5aa0f18ade50aa376b25546fb058"
    ],
    "earliest_issue_date": "2019-07-28T08:49:23",
    "issue_urls": [
      "https://github.com/garbagemule/MobArena/issues/557"
    ],
    "language": [
      "java"
    ]
  },
  {
    "id": 2902,
    "repo_name": "OpenFastPath/ofp",
    "fix_commit_hash": "9198abdc2c5e0c4929545e4a69f714e6549b8ea6",
    "bug_commit_hash": [
      "af101aa4e648b020886fc36b51df4cc80e2c98a9"
    ],
    "earliest_issue_date": "2017-01-24T13:08:25",
    "issue_urls": [
      "https://github.com/OpenFastPath/ofp/issues/93"
    ],
    "language": [
      "c"
    ]
  },
  {
    "id": 2911,
    "repo_name": "apache/bookkeeper",
    "fix_commit_hash": "477ff2b594afd4017f6fb9e8f294c9b2a75b0d6a",
    "bug_commit_hash": [
      "e33ec10aa400f32c2e0278c15ea80a0f624e5919"
    ],
    "earliest_issue_date": "2017-12-22T00:35:45",
    "issue_urls": [
      "https://github.com/apache/bookkeeper/issues/907",
      "https://github.com/apache/bookkeeper/issues/931"
    ],
    "language": [
      "java"
    ]
  },
  {
    "id": 2960,
    "repo_name": "pimcore/pimcore",
    "fix_commit_hash": "592731f0ba3eb66d2eb954f7a5a6d25ed6392c2d",
    "bug_commit_hash": [
      "48c0bc37dd3ba79335669f44979721be7ff25402"
    ],
    "earliest_issue_date": "2018-07-19T08:48:20",
    "issue_urls": [
      "https://github.com/pimcore/pimcore/issues/3104"
    ],
    "language": [
      "php"
    ]
  },
  {
    "id": 2965,
    "repo_name": "dvesh3/pimcore",
    "fix_commit_hash": "a48b521e7fb49b964dca12b7136f1df66f2d399d",
    "bug_commit_hash": [
      "48c0bc37dd3ba79335669f44979721be7ff25402"
    ],
    "earliest_issue_date": "2018-07-19T08:48:20",
    "issue_urls": [
      "https://github.com/pimcore/pimcore/issues/3104"
    ],
    "language": [
      "php"
    ]
  },
  {
    "id": 3024,
    "repo_name": "hugsy/gef",
    "fix_commit_hash": "bb77c36f012afb8b81770cf12eabdff205d374a8",
    "bug_commit_hash": [
      "1722cc2fecc58c4e391a0395e1f48981c6bcb8a5"
    ],
    "earliest_issue_date": "2018-01-12T16:21:59",
    "issue_urls": [
      "https://github.com/hugsy/gef/issues/203"
    ],
    "language": [
      "gitignore",
      "py",
      "",
      "c"
    ]
  },
  {
    "id": 3026,
    "repo_name": "MASCOTNUM/libKriging",
    "fix_commit_hash": "c4d1d8dbaa8a57a21642585639bda2c6d144e58b",
    "bug_commit_hash": [
      "96c8a243922737bf7b4805165bfcf4c19e876323"
    ],
    "earliest_issue_date": "2020-02-11T16:42:55",
    "issue_urls": [
      "https://github.com/libKriging/libKriging/issues/16"
    ],
    "language": [
      "cpp",
      "hpp"
    ]
  },
  {
    "id": 3056,
    "repo_name": "ntpsec/gpsd",
    "fix_commit_hash": "bc05cd99b1f8091dce8d5861bcc65cf05443bc64",
    "bug_commit_hash": [
      "8c29500cd1e90281bb308894eda4989079ac5142"
    ],
    "earliest_issue_date": "2020-03-03T01:13:38",
    "issue_urls": [
      "https://gitlab.com/gpsd/gpsd/-/issues/58"
    ],
    "language": [
      "c",
      "h"
    ]
  },
  {
    "id": 3057,
    "repo_name": "eclipse/sumo",
    "fix_commit_hash": "87b453d1bd6d0d31df086d12acc63de608c5ed94",
    "bug_commit_hash": [
      "5fc383ed4c19b23cc3e7911746b2b898c49506ba"
    ],
    "earliest_issue_date": "2009-01-30T09:58:42",
    "issue_urls": [
      "https://github.com/eclipse/sumo/issues/21"
    ],
    "language": [
      "cpp"
    ]
  },
  {
    "id": 3096,
    "repo_name": "GothenburgBitFactory/timewarrior",
    "fix_commit_hash": "0b39a83a929e127f2312c4efb85b005d646de412",
    "bug_commit_hash": [
      "86bb1465e867d5d6af5506795b8e8ceace39cfbb"
    ],
    "earliest_issue_date": "2020-02-29T21:20:42",
    "issue_urls": [
      "https://github.com/GothenburgBitFactory/timewarrior/issues/293"
    ],
    "language": [
      "cpp",
      "h"
    ]
  },
  {
    "id": 3101,
    "repo_name": "Katello/katello",
    "fix_commit_hash": "8f205ad6e865ed4ecdd14154c20655f78a200b92",
    "bug_commit_hash": [
      "d9c0492a01c9f4e6bca0a93c7540a6575f716b8c"
    ],
    "earliest_issue_date": "2018-08-24T07:47:00",
    "issue_urls": [
      "https://projects.theforeman.org/issues/24709"
    ],
    "language": [
      "rb"
    ]
  },
  {
    "id": 3127,
    "repo_name": "tarantool/tarantool",
    "fix_commit_hash": "8c4b28a18878d72f6fe1f6c109e50d1cf8e55d6b",
    "bug_commit_hash": [
      "dbfd515f62d0c7c8e022581527b8c5f0b178d520"
    ],
    "earliest_issue_date": "2017-06-22T08:35:26",
    "issue_urls": [
      "https://github.com/tarantool/tarantool/issues/2541"
    ],
    "language": [
      "c",
      "h"
    ]
  },
  {
    "id": 3136,
    "repo_name": "postgres/postgres",
    "fix_commit_hash": "6b0208ebc436b33bd80ce264299b4b1b8d59b68a",
    "bug_commit_hash": [
      "34295b87fbbcbaf26280f53f006b20971dbad1f3"
    ],
    "earliest_issue_date": "2019-04-03T16:22:34",
    "issue_urls": [
      "https://www.postgresql.org/message-id/15733-7692379e310b80ec@postgresql.org"
    ],
    "language": [
      "c",
      "out",
      "sql"
    ]
  },
  {
    "id": 3141,
    "repo_name": "COSIMA/access-om2",
    "fix_commit_hash": "36ea9ec1b9b91b10fe2f24418eee6e912966ffc8",
    "bug_commit_hash": [
      "b50a6d7db838f4eed6c71bff699ddb3ebf3f4f4c"
    ],
    "earliest_issue_date": "2019-08-22T02:34:14",
    "issue_urls": [
      "https://github.com/COSIMA/access-om2/issues/163"
    ],
    "language": [
      ""
    ]
  },
  {
    "id": 3164,
    "repo_name": "nirizr/rematch",
    "fix_commit_hash": "14443194d23e3b301c178ca28fd6e7b23de86a38",
    "bug_commit_hash": [
      "46303c42d60c9f7a6a3e769b0c903e270643742a"
    ],
    "earliest_issue_date": "2017-07-10T19:29:37",
    "issue_urls": [
      "https://github.com/nirizr/rematch/issues/323"
    ],
    "language": [
      "py"
    ]
  },
  {
    "id": 3189,
    "repo_name": "qt/qtbase",
    "fix_commit_hash": "f2f1a93c58b6cb88f3cd0655e95ccd5ad99286d0",
    "bug_commit_hash": [
      "d493f676a38f000dd9c22dee6eea2b5ae4291e0a"
    ],
    "earliest_issue_date": "2019-07-19T09:09:39",
    "issue_urls": [
      "https://bugreports.qt.io/browse/QTBUG-77115"
    ],
    "language": [
      "cpp"
    ]
  },
  {
    "id": 3218,
    "repo_name": "trezor/trezor-firmware",
    "fix_commit_hash": "34ec1ed294edb2b2245c3baf14a08b818c8194d9",
    "bug_commit_hash": [
      "bb2556a22cd3ffdc612a06da7d40eeb36a38de10"
    ],
    "earliest_issue_date": "2019-08-27T15:04:21",
    "issue_urls": [
      "https://github.com/trezor/trezor-firmware/issues/448"
    ],
    "language": [
      "py"
    ]
  },
  {
    "id": 3222,
    "repo_name": "tianocore/edk2",
    "fix_commit_hash": "df43ea6c08100487776bb0962c657d214e345ae7",
    "bug_commit_hash": [
      "94459080c118049aba927ec0444ba5b750b7d2c9"
    ],
    "earliest_issue_date": "2019-08-28T07:47:00",
    "issue_urls": [
      "https://bugzilla.tianocore.org/show_bug.cgi?id=2137"
    ],
    "language": [
      "py"
    ]
  },
  {
    "id": 3225,
    "repo_name": "zephyrproject-rtos/zephyr",
    "fix_commit_hash": "08222c2e64e0fa4baac2e5892453e6fd9ff2513c",
    "bug_commit_hash": [
      "c88155fd2d4119b970e9dfe3a705be70989d80d6"
    ],
    "earliest_issue_date": "2020-03-05T14:49:45",
    "issue_urls": [
      "https://github.com/zephyrproject-rtos/zephyr/issues/23295"
    ],
    "language": [
      "c"
    ]
  },
  {
    "id": 3236,
    "repo_name": "projectacrn/acrn-hypervisor",
    "fix_commit_hash": "be0a4b692bfdea083f7ae38cb31ff5410759bf83",
    "bug_commit_hash": [
      "fc3d19bee4b2f42af111f5235b9d9ac67347ca6d"
    ],
    "earliest_issue_date": "2019-08-22T09:01:51",
    "issue_urls": [
      "https://github.com/projectacrn/acrn-hypervisor/issues/3612"
    ],
    "language": [
      "c"
    ]
  },
  {
    "id": 3240,
    "repo_name": "OSGeo/gdal",
    "fix_commit_hash": "26e1f9bdbd9c6e1eb91451fa5db6fb28d505f966",
    "bug_commit_hash": [
      "feba3e02b56cfd80e5e98cfd3a822fad3bf521ba"
    ],
    "earliest_issue_date": "2019-04-24T14:36:33",
    "issue_urls": [
      "https://github.com/OSGeo/gdal/issues/1472"
    ],
    "language": [
      "py",
      "cpp"
    ]
  },
  {
    "id": 3248,
    "repo_name": "yuwata/systemd",
    "fix_commit_hash": "a62b7bb79e9a2aa683624c32cde1c756d8466fb4",
    "bug_commit_hash": [
      "f1368a333e5e08575f0b45dfe41e936b106a8627"
    ],
    "earliest_issue_date": "2019-04-24T15:00:55",
    "issue_urls": [
      "https://github.com/systemd/systemd/issues/12377"
    ],
    "language": [
      "c"
    ]
  },
  {
    "id": 3251,
    "repo_name": "KiCad/kicad-source-mirror",
    "fix_commit_hash": "5813164d159c12c920b969b58ef6318e211758a3",
    "bug_commit_hash": [
      "e312e2b28679dc6d68de682f95f8bb83489801dd"
    ],
    "earliest_issue_date": "2019-04-24T20:53:41",
    "issue_urls": [
      "https://bugs.launchpad.net/kicad/+bug/1826278",
      "https://bugs.launchpad.net/kicad/+bug/1826270"
    ],
    "language": [
      "cpp"
    ]
  },
  {
    "id": 3279,
    "repo_name": "kornicameister/aiohttp",
    "fix_commit_hash": "a3f7ec6f63fead7ba4c17945d01c20f3329d3740",
    "bug_commit_hash": [
      "44318e4b8653614a282ed1a8e1e7d2972219c811"
    ],
    "earliest_issue_date": "2019-02-06T00:26:46",
    "issue_urls": [
      "https://github.com/aio-libs/aiohttp/issues/3595"
    ],
    "language": [
      "py"
    ]
  },
  {
    "id": 3336,
    "repo_name": "tianocore/edk2",
    "fix_commit_hash": "0dee1d1358c95e07637876af1f508f0fd694a809",
    "bug_commit_hash": [
      "8ddec24dea74a7e172cb67d5bcaf6c74db3ac6f9"
    ],
    "earliest_issue_date": "2019-11-20T07:35:00",
    "issue_urls": [
      "https://bugzilla.tianocore.org/show_bug.cgi?id=2365"
    ],
    "language": [
      "py"
    ]
  },
  {
    "id": 3381,
    "repo_name": "spring-projects/spring-boot",
    "fix_commit_hash": "1ceb96f9f2644a1ad4ef0920ef3b6affcd73d3ed",
    "bug_commit_hash": [
      "5938ca78b6e6bd86364b6fdae7a84fcf7f65e761"
    ],
    "earliest_issue_date": "2019-09-12T11:20:38",
    "issue_urls": [
      "https://github.com/spring-projects/spring-boot/issues/18211"
    ],
    "language": [
      "java"
    ]
  },
  {
    "id": 3389,
    "repo_name": "OSGeo/gdal",
    "fix_commit_hash": "1dfcf57bd10cf2c6bb35c21bfc0f2a77f9bf1e79",
    "bug_commit_hash": [
      "2a4297e66916648eeead799fa1220bc061eb0e69"
    ],
    "earliest_issue_date": "2019-05-14T09:21:53",
    "issue_urls": [
      "https://github.com/OSGeo/gdal/issues/1535"
    ],
    "language": [
      "cpp"
    ]
  },
  {
    "id": 3406,
    "repo_name": "qt/qtbase",
    "fix_commit_hash": "2e0c29a4bbe2b3ae427137e65f179b0550dcf169",
    "bug_commit_hash": [
      "e02293a76d21e7077f1952d4ed8af6c6d1970190"
    ],
    "earliest_issue_date": "2020-01-20T21:22:14",
    "issue_urls": [
      "https://bugreports.qt.io/browse/QTBUG-81542"
    ],
    "language": [
      "cpp"
    ]
  },
  {
    "id": 3418,
    "repo_name": "hansec/fortran-language-server",
    "fix_commit_hash": "6a36d621c1920b22d5f3bf02abe1145afd6859ac",
    "bug_commit_hash": [
      "5d759bb12728dd072d69b72993ef74e41505990d"
    ],
    "earliest_issue_date": "2020-04-01T22:11:51",
    "issue_urls": [
      "https://github.com/hansec/fortran-language-server/issues/159"
    ],
    "language": [
      "py"
    ]
  },
  {
    "id": 3441,
    "repo_name": "chris2511/xca",
    "fix_commit_hash": "2a0f96e8108566e8ee3b6f7155da6a5d9b5d5a59",
    "bug_commit_hash": [
      "dcd940b6b89900c9365e1d88055b4adf01f3f80c"
    ],
    "earliest_issue_date": "2018-06-14T08:40:29",
    "issue_urls": [
      "https://github.com/chris2511/xca/issues/39",
      "https://github.com/chris2511/xca/issues/57"
    ],
    "language": [
      "cpp"
    ]
  },
  {
    "id": 3461,
    "repo_name": "oscarlab/graphene",
    "fix_commit_hash": "a3fcfab65854558eec67aefb4f07c0d122faac59",
    "bug_commit_hash": [
      "3a40af399d1d858972523cba19a9eeb898efca9f"
    ],
    "earliest_issue_date": "2017-08-13T19:03:59",
    "issue_urls": [
      "https://github.com/oscarlab/graphene/issues/80"
    ],
    "language": [
      "",
      "c"
    ]
  },
  {
    "id": 3469,
    "repo_name": "duplicati/duplicati",
    "fix_commit_hash": "a567b467dc1bc7cc5de233c9fbff0e8d75b0c8b2",
    "bug_commit_hash": [
      "f9022fec66cf33cb28e039b3046c31a111008493"
    ],
    "earliest_issue_date": "2018-10-26T16:26:53",
    "issue_urls": [
      "https://github.com/duplicati/duplicati/issues/3460"
    ],
    "language": [
      "cs"
    ]
  },
  {
    "id": 3545,
    "repo_name": "ManifoldScholar/manifold",
    "fix_commit_hash": "01133c2a5792d25a7084186c276cd339f2fe74b8",
    "bug_commit_hash": [
      "ab61beb2e2d452f53d4944262a5ff976ef75facd"
    ],
    "earliest_issue_date": "2019-10-02T19:13:31",
    "issue_urls": [
      "https://github.com/ManifoldScholar/manifold/issues/2378"
    ],
    "language": [
      "js"
    ]
  }
]