[
    {
        "id": 3,
        "repo_name": "grosa1/szztest_whitespace",
        "fix_commit_hash": "f85093bcd6126bce449ef86d8103ef0b7d3a5707",
        "bug_commit_hash": ["2227b11b96138b9693419b902837877c2bd2cb1a"],
        "best_scenario_issue_date": "Tue Jul 21 19:27:10 2020 +0200",
        "issue_urls": [],
        "language": []
    },
    
    {
        "id": "easy-no-refactoring",
        "repo_name": "grosa1/szztest_whitespace",
        "fix_commit_hash": "4106efe18cd69bb4c465e77fbeafca957fd3db01",
        "bug_commit_hash": ["fdb8a8e94fd0dd1485da2a11af6411c19849865e"],
        "best_scenario_issue_date": "2020-08-09 11:10:18 +0200",
        "issue_urls": [],
        "language": []
    },
    
    {
        "id": "refactoring-in-fix",
        "repo_name": "grosa1/szztest_whitespace",
        "fix_commit_hash": "ac7c411f7dd2cda8824fb7033d8ef1919f417fcf",
        "bug_commit_hash": ["fdb8a8e94fd0dd1485da2a11af6411c19849865e"],
        "best_scenario_issue_date": "2020-08-09 11:10:18 +0200",
        "issue_urls": [],
        "language": []
    },
    
    {
        "id": "indirect-refactoring-effect",
        "repo_name": "grosa1/szztest_whitespace",
        "fix_commit_hash": "16ac44fc9bcd13ecd3c383277f622b160dab4e0b",
        "bug_commit_hash": ["fdb8a8e94fd0dd1485da2a11af6411c19849865e"],
        "best_scenario_issue_date": "2020-08-09 11:10:18 +0200",
        "issue_urls": [],
        "language": []
    },
    
    {
        "id": "refactoring-in-previous-commit",
        "repo_name": "grosa1/szztest_whitespace",
        "fix_commit_hash": "dcd5e9e7ce4f35270787b58451234e950d85fdbf",
        "bug_commit_hash": ["fdb8a8e94fd0dd1485da2a11af6411c19849865e", "ac7c411f7dd2cda8824fb7033d8ef1919f417fcf"],
        "best_scenario_issue_date": "2020-08-09 11:10:18 +0200",
        "issue_urls": [],
        "language": []
    }
]
